scan_date,retailer,country,brand,product_name,sku_observed,size,ean,current_price,currency,in_stock
2025-02-10,ICI Paris XL,NL,the merchant of venice,The Merchant Of Venice Nobilhomo Gold Regatta EDP 100ml,THE70,3.4 oz,679602411127,88.32,EUR,Y
2025-02-12,Notino,NL,The,The Merchant Of Venice Nobilhomo Gold Regatta EDP 100ml,THE74,100ml,679602411127,85.88,EUR,Y
2025-02-11,FragranceX,US,THE MERCHANT OF VENICE,The Merchant Of Venice Nobilhomo Gold Regatta EDP 100ml,THE34,3.4 oz,679602411127,87.08,USD,N
2025-02-12,ICI Paris XL,NL,phyto,Phyto - PhytoCyane Men Shampoo - 100ml,PHY78,100ML,3701436917395,2.75,EUR,Y
2025-02-10,Galeries Lafayette,FR,Phyto,Phyto - PhytoCyane Men Shampoo - 100ml,PHY35,3.4 oz,3701436917395,2.93,EUR,N
2025-02-12,Douglas,NL,Xerjoff,Xerjoff Torino21 EDP 50ml,XER37,50 ml,8054320901211,186.81,EUR,Y
2025-02-10,Kruidvat,NL,Ex Nihilo Paris,EX NIHILO OUTCAST BLUE EDP 50 ml,EX 23,50 ml,3760264093121,197.78,EUR,N
2025-02-10,ICI Paris XL,NL,Kilian,ROLLING IN LOVE EDP 50ml/1.7FLOZ,KIL84,1.7 oz,3700550218418,317.82,EUR,Y
2025-02-10,Kruidvat,NL,Dermalogica,UltraCalming Cleanser Refill 500ml,DER11,500ml,666151115361,61.36,EUR,Y
2025-02-10,Sephora,FR,Dermalogica,UltraCalming Cleanser Refill 500ml,DER55,500ML,666151115361,64.31,EUR,Y
2025-02-12,Etos,NL,Mustela,MUSTELA CREAM 150ML STRETCH MARK,MUS98,150ml,3504105033828,20.02,EUR,Y
2025-02-10,Kruidvat,NL,Mustela,MUSTELA CREAM 150ML STRETCH MARK,MUS72,150 ml,3504105033828,18.13,EUR,N
2025-02-10,Selfridges,UK,Mustela,MUSTELA CREAM 150ML STRETCH MARK,MUS28,150ml,3504105033828,17.75,GBP,Y
2025-02-10,Douglas,NL,AlterEgo,Curego Whipped Cream 75 ml,ALT70,75ml,8008277327327,146.45,EUR,Y
2025-02-10,The Perfume Shop,UK,Alter Ego,Curego Whipped Cream 75 ml,ALT30,75.0ml,8008277327327,89.79,GBP,Y
2025-02-10,Douglas,DE,Room,Room 1015 Yesterday EDP 100ml (Tester),ROO74,100ML,3683080186894,62.3,EUR,N
2025-02-11,Etos,NL,skin1004,SKIN1004 Madagascar Centella Watergel Sheet Ampoule Mask 25ml_CPNP,SKI79,25 ml,8809913833079,1.52,EUR,Y
2025-02-10,ICI Paris XL,BE,Skin1004,SKIN1004 Madagascar Centella Watergel Sheet Ampoule Mask 25ml_CPNP,SKI85,25ML,8809913833079,1.51,EUR,Y
2025-02-12,Kruidvat,NL,SKIN1004,SKIN1004 Madagascar Centella Watergel Sheet Ampoule Mask 25ml_CPNP,SKI11,25ml,8809913833079,1.19,EUR,Y
2025-02-12,Douglas,NL,Skin1004,SKIN1004 Madagascar Centella Watergel Sheet Ampoule Mask 25ml_CPNP,SKI64,25.0ml,8809913833079,1.55,EUR,Y
2025-02-11,ICI Paris XL,BE,LA BIOSTHETIQUE,Curl Activating Cond. Spray    200 ml,LA 93,200ML,4040218838947,9.54,EUR,Y
2025-02-10,Sephora,FR,La Biosthetique Paris,Curl Activating Cond. Spray    200 ml,LA 51,200 ml,4040218838947,7.78,EUR,Y
2025-02-11,FragranceX,US,La,Curl Activating Cond. Spray    200 ml,LA 97,200ML,4040218838947,10.78,USD,N
2025-02-11,Etos,NL,la biosthetique,Curl Activating Cond. Spray    200 ml,LA 58,6.8 oz,4040218838947,8.73,EUR,Y
2025-02-10,ICI Paris XL,BE,PAUL MITCHELL,PAUL MITCHELL MVRCK Gravity Feed Hi Hold Pomad FS,PAU56,100ml,009531563190,126.55,EUR,Y
2025-02-12,Etos,NL,Wella Paris,Wella Fusion Intense Repair Mask,WEL25,50ml,4064666322551,1.4,EUR,Y
2025-02-12,The Perfume Shop,UK,Joico,"JOICO LUMISHINE COLOR PERMANENT CREME
36/2.5oz RED RED DARK BROWN 3RR",JOI89,,074469494878,3.35,GBP,Y
2025-02-11,ICI Paris XL,NL,Joico,"JOICO LUMISHINE COLOR PERMANENT CREME
36/2.5oz RED RED DARK BROWN 3RR",JOI56,,074469494878,5.97,EUR,Y
2025-02-10,Sephora,FR,SebastianProfessional,Sebastian Professional Penetraitt Shampoo 250ML,SEB61,8.5 oz,8005610594019,57.91,EUR,Y
2025-02-10,Douglas,DE,Payot,NUTRICIA NOURISHING CONFORTING CREAM 50 ML - JAR,PAY43,1.7 oz,3390150585739,25.79,EUR,Y
2025-02-10,Douglas,NL,Payot Paris,NUTRICIA NOURISHING CONFORTING CREAM 50 ML - JAR,PAY95,50ml,3390150585739,24.15,EUR,Y
2025-02-12,Galeries Lafayette,FR,Payot,NUTRICIA NOURISHING CONFORTING CREAM 50 ML - JAR,PAY75,50ml,3390150585739,17.59,EUR,Y
2025-02-10,De Bijenkorf,NL,Payot Paris,NUTRICIA NOURISHING CONFORTING CREAM 50 ML - JAR,PAY82,50 ml,3390150585739,25.31,EUR,Y
2025-02-12,Notino,NL,Mesoestetic,Mesoestetic blemiderm treatment 50ml,MES94,1.7 oz,8436024758801,31.6,EUR,Y
2025-02-10,Galeries Lafayette,FR,MESOESTETIC,Mesoestetic blemiderm treatment 50ml,MES88,50 ml,8436024758801,31.05,EUR,Y
2025-02-12,Sephora,FR,Mesoestetic,Mesoestetic blemiderm treatment 50ml,MES34,1.7 oz,8436024758801,30.05,EUR,Y
2025-02-10,Kruidvat,NL,mesoestetic,Mesoestetic blemiderm treatment 50ml,MES55,50.0ml,8436024758801,37.19,EUR,Y
2025-02-11,The Perfume Shop,UK,victoria's secret,Victoria's Secret Aqua Kiss Fragrance Lotion 236ml,VIC48,236ML,667554199927,85.5,GBP,Y
2025-02-10,Notino,FR,Victoria'sSecret,Victoria's Secret Aqua Kiss Fragrance Lotion 236ml,VIC85,236ml,667554199927,108.85,EUR,Y
2025-02-10,ICI Paris XL,BE,victoria's secret,Victoria's Secret Aqua Kiss Fragrance Lotion 236ml,VIC84,236ML,667554199927,88.99,EUR,N
2025-02-12,Selfridges,UK,kevin murphy ,KEVIN MURPHY REPAIR-ME RINSE 1000ML,KEV70,1000ML,9339341004486,70.97,GBP,N
2025-02-11,De Bijenkorf,NL,KevinMurphy,KEVIN MURPHY REPAIR-ME RINSE 1000ML,KEV80,1000ML,9339341004486,91.27,EUR,Y
2025-02-12,Harrods,UK,kevin murphy ,KEVIN MURPHY REPAIR-ME RINSE 1000ML,KEV46,1000ML,9339341004486,49.79,GBP,N
2025-02-10,Douglas,NL,Kevin Murphy  Paris,KEVIN MURPHY REPAIR-ME RINSE 1000ML,KEV19,1000ML,9339341004486,83.26,EUR,Y
2025-02-10,The Perfume Shop,UK,la biosthetique,Classic Formula Hair Laque 300 ml,LA 55,300.0ml,4040218869705,11.84,GBP,Y
2025-02-10,ICI Paris XL,BE,LA BIOSTHETIQUE,Classic Formula Hair Laque 300 ml,LA 16,300ML,4040218869705,10.9,EUR,Y
2025-02-10,Kruidvat,NL,La,Classic Formula Hair Laque 300 ml,LA 42,300.0ml,4040218869705,10.33,EUR,Y
2025-02-10,De Bijenkorf,NL,ZO Skin Health Paris,Zo Skin Retinol Skin Brightener 0.25% 50Ml,ZO 91,50ML,810866015496,101.14,EUR,Y
2025-02-12,Selfridges,UK,ZO Skin Health Paris,Zo Skin Retinol Skin Brightener 0.25% 50Ml,ZO 14,50ML,810866015496,74.28,GBP,Y
2025-02-11,Douglas,DE,ZO Skin Health,Zo Skin Retinol Skin Brightener 0.25% 50Ml,ZO 21,50ml,810866015496,108.09,EUR,Y
2025-02-10,Sephora,FR,YVES SAINT LAURENT,YSL LIBRE W 90ML EDP,YVE75,90 ml,3614272648425,108.09,EUR,Y
2025-02-12,Galeries Lafayette,FR,Yves Saint Laurent,YSL LIBRE W 90ML EDP,YVE94,3.0 oz,3614272648425,118.03,EUR,Y
2025-02-12,ICI Paris XL,BE,YVES SAINT LAURENT,YSL LIBRE W 90ML EDP,YVE45,90 ml,3614272648425,95.45,EUR,Y
2025-02-10,Selfridges,UK,Sospiro Perfumes Paris,ERBA PURA MAGICA - EDP 100ml,SOS34,100 ml,3770009763844,115.12,GBP,N
2025-02-11,Notino,NL,Iunik,Beta Glucan Power Moisture Serum Miniature 15ml,IUN62,0.5 oz,8809728080835,95.07,EUR,N
2025-02-10,Douglas,NL,Iunik,Beta Glucan Power Moisture Serum Miniature 15ml,IUN91,15ML,8809728080835,78.17,EUR,Y
2025-02-12,Etos,NL,iunik,Beta Glucan Power Moisture Serum Miniature 15ml,IUN43,15 ml,8809728080835,87.17,EUR,N
2025-02-11,Sephora,FR,IUNIK,Beta Glucan Power Moisture Serum Miniature 15ml,IUN13,15ml,8809728080835,91.09,EUR,Y
2025-02-10,Harrods,UK,Creed,1.7ml Vial Millesime Absolu Aventus,CRE21,7.0ml,3508440251329,4.24,GBP,N
2025-02-11,Kruidvat,NL,Creed,1.7ml Vial Millesime Absolu Aventus,CRE41,7 ml,3508440251329,3.73,EUR,Y
2025-02-12,Galeries Lafayette,FR,pixi,Pixi Glow Tonic Exfoliating Toner 250 ml / 8.5 fl.oz,PIX72,8.5 oz,885190821006,30.26,EUR,N
2025-02-11,Harrods,UK,Pixi,Pixi Glow Tonic Exfoliating Toner 250 ml / 8.5 fl.oz,PIX62,250.0ml,885190821006,17.48,GBP,Y
2025-02-10,FragranceX,US,Biologique Recherche,CREME VERTE ESPOIR AR 100 ml,BIO56,100ML,3700693209397,61.82,USD,Y
2025-02-12,Etos,NL,Filorga,Filorga Global Repair Balm 50ml Tester,FIL88,50ML,3540550011479,40.65,EUR,Y
2025-02-11,Douglas,NL,Filorga,Filorga Global Repair Balm 50ml Tester,FIL33,50ml,3540550011479,27.44,EUR,Y
2025-02-11,ICI Paris XL,BE,filorga,Filorga Global Repair Balm 50ml Tester,FIL24,50 ml,3540550011479,40.6,EUR,Y
2025-02-11,De Bijenkorf,NL,filorga,Filorga Global Repair Balm 50ml Tester,FIL66,50.0ml,3540550011479,25.46,EUR,N
2025-02-12,Selfridges,UK,Payot,LISSE SMOOTHING EYES & LIPS CARE 15ML - TUBE,PAY71,15.0ml,3390150588082,16.21,GBP,Y
2025-02-10,ICI Paris XL,NL,Payot,LISSE SMOOTHING EYES & LIPS CARE 15ML - TUBE,PAY65,15ML,3390150588082,20.34,EUR,Y
2025-02-10,Notino,FR,Payot,LISSE SMOOTHING EYES & LIPS CARE 15ML - TUBE,PAY49,15ml,3390150588082,20.41,EUR,Y
2025-02-10,Notino,NL,Davines Paris,Davines Mi Relaxing Moisturizing Fluid 125 Ml.,DAV44,125ML,8004608237495,20.61,EUR,Y
2025-02-10,The Perfume Shop,UK,Davines,Davines Mi Relaxing Moisturizing Fluid 125 Ml.,DAV75,4.2 oz,8004608237495,14.56,GBP,Y
2025-02-11,Kruidvat,NL,Davines,Davines Mi Relaxing Moisturizing Fluid 125 Ml.,DAV67,125 ml,8004608237495,17.23,EUR,Y
2025-02-11,The Perfume Shop,UK,Calvin Klein,Calvin Klein Free for Men Deodorant 75g,CAL53,50ml,3607342020849,8.49,GBP,N
2025-02-12,FragranceX,US,CalvinKlein,Calvin Klein Free for Men Deodorant 75g,CAL13,50ml,3607342020849,10.2,USD,Y
2025-02-11,Kruidvat,NL,Xerjoff,Xerjoff K Aqua Regia EDP 50ML,XER22,1.7 oz,8054320900795,109.89,EUR,Y
2025-02-10,Kruidvat,NL,MIND GAMES,TESTER MIND GAMES En Prise Extrait De Parm 100ml,MIN48,100ML,850034671673,186.95,EUR,Y
2025-02-12,Etos,NL,Mind Games,TESTER MIND GAMES En Prise Extrait De Parm 100ml,MIN19,100ml,850034671673,221.57,EUR,N
2025-02-11,Galeries Lafayette,FR,MindGames,TESTER MIND GAMES En Prise Extrait De Parm 100ml,MIN47,100.0ml,850034671673,210.51,EUR,Y
2025-02-11,FragranceX,US,borntostandout,FILTHY MUSK 15ml Eau de Parfum,BOR96,15ml,8809840211254,71.44,USD,Y
2025-02-10,Douglas,DE,Borntostandout Paris,FILTHY MUSK 15ml Eau de Parfum,BOR89,15ml,8809840211254,59.61,EUR,Y
2025-02-10,De Bijenkorf,NL,Borntostandout,FILTHY MUSK 15ml Eau de Parfum,BOR65,15.0ml,8809840211254,79.52,EUR,N
2025-02-10,Sephora,FR,borntostandout,FILTHY MUSK 15ml Eau de Parfum,BOR64,15 ml,8809840211254,62.52,EUR,Y
2025-02-11,Douglas,DE,Filorga,Filorga NCEF-Reverse Supreme Multicorrective Cream 50ml,FIL35,50ml,3401360192225,45.35,EUR,N
2025-02-10,ICI Paris XL,BE,Filorga,Filorga NCEF-Reverse Supreme Multicorrective Cream 50ml,FIL53,50ML,3401360192225,42.17,EUR,Y
2025-02-12,Selfridges,UK,Filorga,Filorga NCEF-Reverse Supreme Multicorrective Cream 50ml,FIL49,50.0ml,3401360192225,42.65,GBP,Y
2025-02-11,Douglas,DE,Macadamia,Macadamia Natural Oil Deep Repair Masque 500ml,MAC65,500ML,851325002053,37.65,EUR,Y
2025-02-11,De Bijenkorf,NL,Macadamia,Macadamia Natural Oil Deep Repair Masque 500ml,MAC15,500ml,851325002053,33.71,EUR,Y
2025-02-11,Etos,NL,TheBodyShop,The Body Shop EYE CREAM VITAMIN E 15ML,THE97,0.5 oz,5028197103651,10.27,EUR,Y
2025-02-11,FragranceX,US,The Body Shop Paris,The Body Shop EYE CREAM VITAMIN E 15ML,THE85,15ml,5028197103651,15.72,USD,N
2025-02-12,ICI Paris XL,BE,The Body Shop Paris,The Body Shop EYE CREAM VITAMIN E 15ML,THE64,15ML,5028197103651,14.13,EUR,Y
2025-02-10,Douglas,DE,The Body Shop,The Body Shop EYE CREAM VITAMIN E 15ML,THE21,15ML,5028197103651,8.88,EUR,Y
2025-02-11,ICI Paris XL,NL,Anua Paris,[EU] [4EA] PEACH 70 NIACIN BRIGHTENING COLLAGEN MASK,ANU32,30ml,8809640739033,9.82,EUR,Y
2025-02-11,Galeries Lafayette,FR,anua,[EU] [4EA] PEACH 70 NIACIN BRIGHTENING COLLAGEN MASK,ANU87,100ml,8809640739033,12.56,EUR,Y
2025-02-12,Notino,FR,Kevin Murphy  Paris,Kevin.Murphy Ever.Bounce 150ml,KEV22,5.1 oz,9339341022619,17.67,EUR,N
2025-02-12,De Bijenkorf,NL,KEVIN MURPHY ,Kevin.Murphy Ever.Bounce 150ml,KEV85,5.1 oz,9339341022619,17.13,EUR,Y
2025-02-11,FragranceX,US,Kevin Murphy ,Kevin.Murphy Ever.Bounce 150ml,KEV93,150.0ml,9339341022619,18.61,USD,Y
2025-02-10,Harrods,UK,Kevin,Kevin.Murphy Ever.Bounce 150ml,KEV40,150ML,9339341022619,19.4,GBP,Y
2025-02-12,Galeries Lafayette,FR,Mancera,Mancera Wind Wood EDP 120ml,MAN72,120ML,3760265191321,112.65,EUR,N
2025-02-11,Douglas,NL,Sisley,Sisley Le Phyto-Rouge 15 Beige Manhattan,SIS17,100ml,3473311703613,27.64,EUR,Y
2025-02-10,Douglas,DE,sisley,Sisley Le Phyto-Rouge 15 Beige Manhattan,SIS49,100ml,3473311703613,32.81,EUR,N
2025-02-12,Kruidvat,NL,Sisley Paris,Sisley Le Phyto-Rouge 15 Beige Manhattan,SIS39,50ml,3473311703613,40.06,EUR,Y
2025-02-11,ICI Paris XL,BE,Sisley Paris,Sisley Le Phyto-Rouge 15 Beige Manhattan,SIS24,30ml,3473311703613,26.83,EUR,Y
2025-02-12,Sephora,FR,Cosrx,Hydirum Watery Toner_150ml,COS68,150ML,8809598451919,6.65,EUR,Y
2025-02-10,ICI Paris XL,NL,cosrx,Hydirum Watery Toner_150ml,COS23,150ml,8809598451919,6.77,EUR,Y
2025-02-11,ICI Paris XL,BE,Cosrx,Hydirum Watery Toner_150ml,COS79,150ML,8809598451919,7.48,EUR,Y
2025-02-10,Selfridges,UK,cosrx,Hydirum Watery Toner_150ml,COS96,150ML,8809598451919,7.22,GBP,N
2025-02-10,Douglas,NL,BOHOBOCO PERFUME,Bohoboco Perfume Dark Vinyl Musk Edp 50Ml  ,BOH33,50.0ml,1000279,59.2,EUR,N
2025-02-10,Etos,NL,Bohoboco Perfume Paris,Bohoboco Perfume Dark Vinyl Musk Edp 50Ml  ,BOH20,50.0ml,1000279,53.55,EUR,Y
2025-02-11,Douglas,DE,Bohoboco Perfume Paris,Bohoboco Perfume Dark Vinyl Musk Edp 50Ml  ,BOH48,50ml,1000279,45.01,EUR,N
2025-02-10,De Bijenkorf,NL,Nasomatto,Nasomatto Nudiflorum 30 ml,NAS97,1.0 oz,8717774840337,93.23,EUR,Y
2025-02-11,Galeries Lafayette,FR,CLIVE CHRISTIAN,Crown Collection Town & Country 50ml,CLI52,50ml,652638014838,237.58,EUR,Y
2025-02-10,Galeries Lafayette,FR,Comfort Zone,Comfort Zone  Tranquillity Candle 280g,COM32,30ml,8004608505327,18.03,EUR,Y
2025-02-11,The Perfume Shop,UK,COMFORT ZONE,Comfort Zone  Tranquillity Candle 280g,COM58,30ml,8004608505327,15.43,GBP,Y
2025-02-12,Douglas,DE,ComfortZone,Comfort Zone  Tranquillity Candle 280g,COM18,30ml,8004608505327,18.71,EUR,N
2025-02-11,The Perfume Shop,UK,Creed Paris,Creed Aventus Cologne (M) EDP 100ml Tester,CRE94,100ml,3508441001299,227.17,GBP,Y
2025-02-11,Douglas,DE,CREED,Creed Aventus Cologne (M) EDP 100ml Tester,CRE70,100 ml,3508441001299,226.06,EUR,Y
2025-02-12,Notino,FR,Nuxe,"Set Nuxe: Sweet Lemon, Moisturizing, Hand Cream, 30 ml + Sweet Lemon, Lip Balm, 4 g",NUX96,1.0 oz,3264680039508,9.67,EUR,Y
2025-02-12,Kruidvat,NL,nuxe,"Set Nuxe: Sweet Lemon, Moisturizing, Hand Cream, 30 ml + Sweet Lemon, Lip Balm, 4 g",NUX92,30.0ml,3264680039508,9.86,EUR,N
2025-02-11,Sephora,FR,Nuxe,"Set Nuxe: Sweet Lemon, Moisturizing, Hand Cream, 30 ml + Sweet Lemon, Lip Balm, 4 g",NUX32,30ML,3264680039508,9.29,EUR,Y
2025-02-11,Douglas,NL,Cathy Doll Paris,Ultra Light Sun Mist SPF50+ PA++++ 40ml Cathy Doll (F) (Y2024),CAT60,40.0ml,8858842052648,14.37,EUR,Y
2025-02-10,Kruidvat,NL,Bond No. 9,CHELSEA NIGHTS TESTER,BON32,50ml,888874057517,100.27,EUR,Y
2025-02-11,The Perfume Shop,UK,BOND NO. 9,CHELSEA NIGHTS TESTER,BON69,,888874057517,123.37,GBP,N
2025-02-12,Etos,NL,bond no. 9,CHELSEA NIGHTS TESTER,BON86,50ml,888874057517,115.32,EUR,N
2025-02-11,Galeries Lafayette,FR,Bond No. 9,CHELSEA NIGHTS TESTER,BON93,30ml,888874057517,134.5,EUR,Y
2025-02-10,Etos,NL,Nishane,Nishane Vain & Naive EXDP 50ml (Tester),NIS91,50ML,6975061409984,57.61,EUR,Y
2025-02-11,Selfridges,UK,NISHANE,Nishane Vain & Naive EXDP 50ml (Tester),NIS98,50ml,6975061409984,38.09,GBP,N
2025-02-10,ICI Paris XL,BE,NISHANE,Nishane Vain & Naive EXDP 50ml (Tester),NIS16,50 ml,6975061409984,67.54,EUR,N
2025-02-11,Harrods,UK,Nishane Paris,Nishane Vain & Naive EXDP 50ml (Tester),NIS20,50ML,6975061409984,40.63,GBP,Y
2025-02-12,The Perfume Shop,UK,new notes,Tester MANGOMINA EXTRAIT DE PARFUM 60ml,NEW25,60 ml,8051706742352,50.65,GBP,Y
2025-02-11,Kruidvat,NL,New Notes Paris,Tester MANGOMINA EXTRAIT DE PARFUM 60ml,NEW28,2.0 oz,8051706742352,57.06,EUR,Y
2025-02-11,Galeries Lafayette,FR,Nishane,Nishane Sultan Vetiver EXDP 50ml,NIS43,50ML,8681008055487,94.14,EUR,Y
2025-02-11,Douglas,DE,Nishane Paris,Nishane Sultan Vetiver EXDP 50ml,NIS46,1.7 oz,8681008055487,106.01,EUR,Y
2025-02-11,De Bijenkorf,NL,Nishane,Nishane Sultan Vetiver EXDP 50ml,NIS40,50ml,8681008055487,109.86,EUR,Y
2025-02-11,Douglas,DE,MindGames,MG Soulmate Sissa 100ml,MIN80,3.4 oz,850034671628,227.82,EUR,Y
2025-02-11,The Perfume Shop,UK,Mind Games,MG Soulmate Sissa 100ml,MIN46,100ML,850034671628,168.74,GBP,Y
2025-02-12,ICI Paris XL,BE,Schwarzkopf,FC Vib. Brume Thermo. 150ml,SCH27,150.0ml,4045787860146,133.22,EUR,N
2025-02-11,Notino,FR,Schwarzkopf,FC Vib. Brume Thermo. 150ml,SCH96,150ML,4045787860146,120.94,EUR,Y
2025-02-11,Galeries Lafayette,FR,Philip Kingsley  Paris,One More Day Dry Shampoo 200ml,PHI50,200ml,5060305128910,22.02,EUR,Y
2025-02-10,Selfridges,UK,Philip,One More Day Dry Shampoo 200ml,PHI48,200ml,5060305128910,21.61,GBP,Y
2025-02-11,Notino,FR,PHILIP KINGSLEY ,One More Day Dry Shampoo 200ml,PHI40,200.0ml,5060305128910,17.3,EUR,Y
2025-02-10,Etos,NL,Philip,One More Day Dry Shampoo 200ml,PHI10,200 ml,5060305128910,22.52,EUR,Y
2025-02-10,ICI Paris XL,NL,As I Am,As I Am Dry & Itchy Leave In Conditioner 237ml,AS 61,237 ml,858380035323,101.78,EUR,Y
2025-02-12,ICI Paris XL,BE,AS I AM,As I Am Dry & Itchy Leave In Conditioner 237ml,AS 99,237.0ml,858380035323,141.75,EUR,Y
2025-02-10,Notino,NL,AS I AM,As I Am Dry & Itchy Leave In Conditioner 237ml,AS 81,237ml,858380035323,139.47,EUR,Y
2025-02-11,Kruidvat,NL,As,As I Am Dry & Itchy Leave In Conditioner 237ml,AS 92,237.0ml,858380035323,110.39,EUR,Y
2025-02-11,The Perfume Shop,UK,embryolisse,Hydra Serum Flacon,EMB82,100ml,3350900001322,10.7,GBP,Y
2025-02-10,Galeries Lafayette,FR,embryolisse,Hydra Serum Flacon,EMB34,30ml,3350900001322,9.91,EUR,N
2025-02-11,Douglas,NL,Embryolisse,Hydra Serum Flacon,EMB93,,3350900001322,12.83,EUR,Y
2025-02-12,The Perfume Shop,UK,Nuxe Paris,Huile Prodigieuse Floral ,NUX11,,3264680024382,18.58,GBP,Y
2025-02-11,Harrods,UK,French Avenue Paris,Cocoa Morado (NP522) Edp 100ml ,FRE91,100ml,6290360378602,25.8,GBP,Y
2025-02-11,Douglas,DE,French Avenue,Cocoa Morado (NP522) Edp 100ml ,FRE31,100ml,6290360378602,31.4,EUR,Y
2025-02-11,FragranceX,US,FrenchAvenue,Cocoa Morado (NP522) Edp 100ml ,FRE66,3.4 oz,6290360378602,24.09,USD,Y
2025-02-10,Douglas,NL,French Avenue Paris,Cocoa Morado (NP522) Edp 100ml ,FRE28,100ml,6290360378602,30.02,EUR,Y
2025-02-12,The Perfume Shop,UK,Xerjoff,Xerjoff Erba Pura EDP 50ml,XER99,50ml,8033488158989,18.79,GBP,Y
2025-02-12,Douglas,NL,Xerjoff,Xerjoff Erba Pura EDP 50ml,XER33,50ML,8033488158989,25.47,EUR,Y
2025-02-11,Etos,NL,Xerjoff,Xerjoff Erba Pura EDP 50ml,XER87,1.7 oz,8033488158989,18.56,EUR,Y
2025-02-10,Galeries Lafayette,FR,Mizon,Mizon All In One Snail Repair Cream,MIZ74,50ml,8809663751654,21.09,EUR,N
2025-02-11,Galeries Lafayette,FR,Mesoestetic,Mesoestetic Energy C complex 4x7ml,MES61,7 ml,8436024753998,35.66,EUR,N
2025-02-10,ICI Paris XL,BE,mesoestetic,Mesoestetic Energy C complex 4x7ml,MES68,7ml,8436024753998,34.09,EUR,Y
2025-02-11,ICI Paris XL,NL,mesoestetic,Mesoestetic Energy C complex 4x7ml,MES56,0.2 oz,8436024753998,31.76,EUR,Y
2025-02-11,The Perfume Shop,UK,collistar,BURRO STRUCCANTE DETERGENTE 100 ml,COL64,100.0ml,8015150219266,13.9,GBP,N
2025-02-11,ICI Paris XL,NL,Collistar Paris,BURRO STRUCCANTE DETERGENTE 100 ml,COL27,100ML,8015150219266,15.75,EUR,N
2025-02-12,Kruidvat,NL,Collistar,BURRO STRUCCANTE DETERGENTE 100 ml,COL60,3.4 oz,8015150219266,13.91,EUR,Y
2025-02-11,Douglas,DE,EsteeLauder,Estee Lauder Advanced Night Repair Synchronized Multi-Recovery Complex 7ml,EST17,7ml,887167517240,3.58,EUR,Y
2025-02-11,ICI Paris XL,BE,tiziana terenzi,Tiziana Terenzi Linea TT Sea Stars - Telea EXDP 100ml,TIZ57,100.0ml,8016741502606,284.6,EUR,Y
2025-02-10,Etos,NL,Hermes,EAU DE RHUBARBE ECARLATE EDC 100 ML ,HER55,100.0ml,3346132003531,56.36,EUR,Y
2025-02-12,Galeries Lafayette,FR,Medik8,Medik8 Daily Radiance Vitamine C 50ml,MED26,1.7 oz,818625024543,47.31,EUR,Y
2025-02-12,ICI Paris XL,NL,Medik8 Paris,Medik8 Daily Radiance Vitamine C 50ml,MED89,50 ml,818625024543,53.2,EUR,N
2025-02-10,ICI Paris XL,BE,MEDIK8,Medik8 Daily Radiance Vitamine C 50ml,MED82,1.7 oz,818625024543,46.58,EUR,Y
2025-02-10,ICI Paris XL,NL,AtelierDesOrs,Atelier Des Ors Rouge EDP 100ml (Tester),ATE95,100.0ml,3760027140710,58.84,EUR,Y
2025-02-10,ICI Paris XL,BE,Atelier Des Ors Paris,Atelier Des Ors Rouge EDP 100ml (Tester),ATE85,100ML,3760027140710,59.23,EUR,Y
2025-02-12,Selfridges,UK,AtelierDesOrs,Atelier Des Ors Rouge EDP 100ml (Tester),ATE99,100ML,3760027140710,50.09,GBP,Y
2025-02-12,Douglas,NL,AnastasiaBeverlyHills,Anastasia Beverly Hills Brow Wiz - Chocolate,ANA13,100ml,689304860086,26.8,EUR,Y
2025-02-11,ICI Paris XL,BE,AnastasiaBeverlyHills,Anastasia Beverly Hills Brow Wiz - Chocolate,ANA63,100ml,689304860086,25.14,EUR,Y
2025-02-11,Notino,FR,anastasia beverly hills,Anastasia Beverly Hills Brow Wiz - Chocolate,ANA27,50ml,689304860086,27.25,EUR,N
2025-02-11,Selfridges,UK,GUCCI,GUCCI ROUGE A LEVRES SATIN LIPSTICK,GUC36,50ml,3616303466701,38.67,GBP,Y
2025-02-12,Douglas,NL,gucci,GUCCI ROUGE A LEVRES SATIN LIPSTICK,GUC53,,3616303466701,48.82,EUR,Y
2025-02-12,Etos,NL,Avene,Avene AV DEMAQ TONING LOTION 200ML ,AVE35,200.0ml,3282770152517,17.89,EUR,Y
2025-02-11,De Bijenkorf,NL,Avene Paris,Avene AV DEMAQ TONING LOTION 200ML ,AVE70,200.0ml,3282770152517,18.68,EUR,Y
2025-02-10,ICI Paris XL,BE,avene,Avene AV DEMAQ TONING LOTION 200ML ,AVE73,200 ml,3282770152517,15.2,EUR,Y
2025-02-11,Douglas,NL,Filorga,Filorga NCEF-Night Mask 50ml,FIL63,1.7 oz,3540550008523,26.06,EUR,N
2025-02-11,Etos,NL,XERJOFF,Xerjoff Blend GrooveXcape 50ml Parfum TESTER,XER92,50.0ml,8054320901471,71.31,EUR,Y
2025-02-11,Notino,NL,Xerjoff,Xerjoff Blend GrooveXcape 50ml Parfum TESTER,XER96,50 ml,8054320901471,67.75,EUR,Y
2025-02-12,Douglas,DE,XERJOFF,Xerjoff Blend GrooveXcape 50ml Parfum TESTER,XER74,50 ml,8054320901471,62.13,EUR,N
2025-02-10,Kruidvat,NL,RojaParfums,Roja Parfums Isola Blu Parfum 50ml,ROJ87,50ML,5056663800049,340.03,EUR,Y
2025-02-11,Notino,FR,RojaParfums,Roja Parfums Isola Blu Parfum 50ml,ROJ19,1.7 oz,5056663800049,315.16,EUR,Y
2025-02-12,Galeries Lafayette,FR,Roja Parfums,Roja Parfums Isola Blu Parfum 50ml,ROJ24,50.0ml,5056663800049,267.06,EUR,Y
2025-02-11,FragranceX,US,roja parfums,Roja Parfums Isola Blu Parfum 50ml,ROJ32,1.7 oz,5056663800049,311.42,USD,Y
2025-02-11,Douglas,NL,Nishane,Nishane Hundred Silent Ways X (Tester) 100ml,NIS47,100ML,697506140538,39.22,EUR,Y
2025-02-10,Selfridges,UK,Tigi,Tigi Bed Head Queen For A Day Spray 289g,TIG30,30ml,615908431193,8.62,GBP,Y
2025-02-10,Etos,NL,Tigi,Tigi Bed Head Queen For A Day Spray 289g,TIG61,50ml,615908431193,10.07,EUR,Y
2025-02-12,The Perfume Shop,UK,Stephane Humbert Lucas,Stephane Humbert Lucas Panthea Iris EDP 50ml,STE22,50.0ml,3760232240199,124.29,GBP,Y
2025-02-11,Kruidvat,NL,creed,Creed Eladaria EDP 75ml Tester,CRE53,2.5 oz,3508440004178,131.97,EUR,Y
2025-02-12,Harrods,UK,Isntree Paris,HYALURONIC ACID AIRY SUN STICK_22g,ISN46,50ml,8809686384228,16.73,GBP,Y
2025-02-11,De Bijenkorf,NL,Burberry,BBY HER 7TH EDP NS 100ml INTENSE IV,BUR76,100.0ml,3616305181060,86.65,EUR,Y
2025-02-12,ICI Paris XL,BE,Shiseido,SNP DAY CREAM 50ML SPF 15,SHI77,50.0ml,768614191100,80.43,EUR,Y
2025-02-10,De Bijenkorf,NL,Shiseido,SNP DAY CREAM 50ML SPF 15,SHI47,1.7 oz,768614191100,64.91,EUR,Y
2025-02-11,Galeries Lafayette,FR,Shiseido Paris,SNP DAY CREAM 50ML SPF 15,SHI59,50ml,768614191100,71.88,EUR,Y
2025-02-10,Notino,FR,shiseido,SNP DAY CREAM 50ML SPF 15,SHI50,50.0ml,768614191100,71.73,EUR,Y
2025-02-11,Douglas,NL,Actyva,Act. Nutrizione R. Mask REV25-200ml,ACT25,6.8 oz,8020936097976,107.51,EUR,N
2025-02-11,The Perfume Shop,UK,actyva,Act. Nutrizione R. Mask REV25-200ml,ACT89,6.8 oz,8020936097976,107.83,GBP,Y
2025-02-10,ICI Paris XL,BE,Actyva Paris,Act. Nutrizione R. Mask REV25-200ml,ACT66,6.8 oz,8020936097976,132.0,EUR,Y
2025-02-11,Galeries Lafayette,FR,Dr.Jart+,10 MASK MEGA MIX,DR.46,100ml,1210001217393,99.92,EUR,Y
2025-02-12,Harrods,UK,DR.JART+,10 MASK MEGA MIX,DR.32,100ml,1210001217393,124.25,GBP,Y
2025-02-12,Selfridges,UK,DR.JART+,10 MASK MEGA MIX,DR.64,100ml,1210001217393,127.98,GBP,Y
2025-02-10,Douglas,DE,Dr.Jart+,10 MASK MEGA MIX,DR.94,50ml,1210001217393,110.6,EUR,Y
2025-02-12,Douglas,DE,Sospiro,TENORE - EDP 100ml,SOS88,3.4 oz,3770009763783,133.43,EUR,Y
2025-02-11,FragranceX,US,sospiro perfumes,TENORE - EDP 100ml,SOS64,100ML,3770009763783,135.52,USD,Y
2025-02-10,Douglas,NL,Sospiro Perfumes Paris,TENORE - EDP 100ml,SOS34,100.0ml,3770009763783,145.69,EUR,Y
2025-02-12,FragranceX,US,Amouage,Amouage Rose Aqor Attars 12ml,AMO78,12ml,701666173205,317.19,USD,Y
2025-02-12,ICI Paris XL,BE,Amouage,Amouage Rose Aqor Attars 12ml,AMO10,12 ml,701666173205,350.63,EUR,N
2025-02-11,Notino,NL,Amouage,Amouage Rose Aqor Attars 12ml,AMO71,12ML,701666173205,380.17,EUR,Y
2025-02-10,Douglas,NL,Amouage,Amouage Rose Aqor Attars 12ml,AMO84,12.0ml,701666173205,256.12,EUR,Y
2025-02-12,Kruidvat,NL,laneige,NEO FOUNDATION_MATTE 17C1 30ML,LAN54,30ML,8809685771142,35.84,EUR,N
2025-02-12,ICI Paris XL,BE,Masque Milano,Masque Milano Russian Tea EDP 100ml (Tester),MAS44,3.4 oz,8055118039352,176.26,EUR,Y
2025-02-11,Douglas,NL,Skin1004 Paris,SKIN1004 Madagascar Centella Toning Toner 210ml,SKI70,210ml,8809913830825,9.16,EUR,Y
2025-02-10,Notino,FR,Skin1004,SKIN1004 Madagascar Centella Toning Toner 210ml,SKI90,210ml,8809913830825,7.1,EUR,N
2025-02-11,The Perfume Shop,UK,skin1004,SKIN1004 Madagascar Centella Toning Toner 210ml,SKI85,210.0ml,8809913830825,8.92,GBP,Y
2025-02-11,Kruidvat,NL,Skin1004,SKIN1004 Madagascar Centella Toning Toner 210ml,SKI41,210ml,8809913830825,10.24,EUR,Y
2025-02-10,Notino,NL,paul mitchell,PAUL MITCHELL MVRCK High Hold Pomade 85g,PAU28,50ml,009531133485,19.73,EUR,Y
2025-02-11,Kruidvat,NL,PaulMitchell,PAUL MITCHELL MVRCK High Hold Pomade 85g,PAU22,30ml,009531133485,14.37,EUR,Y
2025-02-12,The Perfume Shop,UK,Paul,PAUL MITCHELL MVRCK High Hold Pomade 85g,PAU55,50ml,009531133485,15.15,GBP,Y
